alpha,-2,,alpha ,0,,alpha ,5,,alpha,10,,alpha,15,,alpha,17,
x,y,Cp,x,y,Cp,x,y,Cp,x,y,Cp,x,y,Cp,x,y,Cp
1,0,0.24447,1,0,0.24452,1,0,0.2338,1,0,0.0757,1,0,-0.1241,1,0,-1.67761
0.99374,0.00027,0.22726,0.99374,0.00027,0.22773,0.99374,0.00027,0.22094,0.99374,0.00027,0.07419,0.99374,0.00027,-0.12543,0.99374,0.00027,-1.68107
0.98298,0.00085,0.22512,0.98298,0.00085,0.22215,0.98298,0.00085,0.21102,0.98298,0.00085,0.07023,0.98298,0.00085,-0.12808,0.98298,0.00085,-1.68818
0.97071,0.00168,0.22277,0.97071,0.00168,0.21691,0.97071,0.00168,0.2008,0.97071,0.00168,0.0657,0.97071,0.00168,-0.13111,0.97071,0.00168,-1.6963
0.95726,0.00278,0.21852,0.95726,0.00278,0.21007,0.95726,0.00278,0.18912,0.95726,0.00278,0.06085,0.95726,0.00278,-0.13443,0.95726,0.00278,-1.7048
0.94297,0.00418,0.20965,0.94297,0.00418,0.19911,0.94297,0.00418,0.17466,0.94297,0.00418,0.05592,0.94297,0.00418,-0.13792,0.94297,0.00418,-1.71453
0.92804,0.00587,0.19658,0.92804,0.00587,0.18416,0.92804,0.00587,0.15716,0.92804,0.00587,0.05106,0.92804,0.00587,-0.14153,0.92804,0.00587,-1.72508
0.9126,0.00781,0.1804,0.9126,0.00781,0.16615,0.9126,0.00781,0.13699,0.9126,0.00781,0.04639,0.9126,0.00781,-0.14524,0.9126,0.00781,-1.74134
0.89675,0.00995,0.16341,0.89675,0.00995,0.14722,0.89675,0.00995,0.11535,0.89675,0.00995,0.04204,0.89675,0.00995,-0.14904,0.89675,0.00995,-1.75199
0.88063,0.01222,0.14777,0.88063,0.01222,0.12935,0.88063,0.01222,0.09347,0.88063,0.01222,0.0382,0.88063,0.01222,-0.15289,0.88063,0.01222,-1.76424
0.86436,0.0146,0.1325,0.86436,0.0146,0.11177,0.86436,0.0146,0.07126,0.86436,0.0146,0.03483,0.86436,0.0146,-0.15677,0.86436,0.0146,-1.77753
0.84799,0.01708,0.11694,0.84799,0.01708,0.09376,0.84799,0.01708,0.04822,0.84799,0.01708,0.02956,0.84799,0.01708,-0.16067,0.84799,0.01708,-1.79106
0.83152,0.01965,0.10081,0.83152,0.01965,0.07504,0.83152,0.01965,0.02423,0.83152,0.01965,0.02036,0.83152,0.01965,-0.16459,0.83152,0.01965,-1.81894
0.81495,0.02229,0.08417,0.81495,0.02229,0.05553,0.81495,0.02229,-0.00097,0.81495,0.02229,0.00886,0.81495,0.02229,-0.16853,0.81495,0.02229,-1.83199
0.79829,0.025,0.06771,0.79829,0.025,0.03586,0.79829,0.025,-0.02691,0.79829,0.025,-0.00517,0.79829,0.025,-0.17249,0.79829,0.025,-1.8413
0.78154,0.02775,0.0516,0.78154,0.02775,0.01606,0.78154,0.02775,-0.05363,0.78154,0.02775,-0.02195,0.78154,0.02775,-0.17647,0.78154,0.02775,-1.85329
0.76472,0.03053,0.03621,0.76472,0.03053,-0.00369,0.76472,0.03053,-0.08111,0.76472,0.03053,-0.04156,0.76472,0.03053,-0.18046,0.76472,0.03053,-1.86559
0.74788,0.03331,0.02227,0.74788,0.03331,-0.02281,0.74788,0.03331,-0.10918,0.74788,0.03331,-0.06406,0.74788,0.03331,-0.18446,0.74788,0.03331,-1.87833
0.73108,0.03608,0.00903,0.73108,0.03608,-0.04113,0.73108,0.03608,-0.13749,0.73108,0.03608,-0.08918,0.73108,0.03608,-0.18844,0.73108,0.03608,-1.89059
0.71433,0.03881,-0.0077,0.71433,0.03881,-0.05771,0.71433,0.03881,-0.16614,0.71433,0.03881,-0.11687,0.71433,0.03881,-0.1924,0.71433,0.03881,-1.90251
0.69764,0.04151,-0.04815,0.69764,0.04151,-0.07231,0.69764,0.04151,-0.19492,0.69764,0.04151,-0.14686,0.69764,0.04151,-0.19631,0.69764,0.04151,-1.91464
0.681,0.04416,-0.14268,0.681,0.04416,-0.08548,0.681,0.04416,-0.22366,0.681,0.04416,-0.17877,0.681,0.04416,-0.20016,0.681,0.04416,-1.92725
0.66441,0.04675,-0.174,0.66441,0.04675,-0.10634,0.66441,0.04675,-0.25291,0.66441,0.04675,-0.21264,0.66441,0.04675,-0.20387,0.66441,0.04675,-1.94014
0.64787,0.04927,-0.18136,0.64787,0.04927,-0.16982,0.64787,0.04927,-0.28219,0.64787,0.04927,-0.24803,0.64787,0.04927,-0.20734,0.64787,0.04927,-1.95336
0.63137,0.05173,-0.18871,0.63137,0.05173,-0.29248,0.63137,0.05173,-0.31176,0.63137,0.05173,-0.28484,0.63137,0.05173,-0.2103,0.63137,0.05173,-1.96768
0.61492,0.05411,-0.19644,0.61492,0.05411,-0.30053,0.61492,0.05411,-0.34156,0.61492,0.05411,-0.3227,0.61492,0.05411,-0.21224,0.61492,0.05411,-1.9818
0.59853,0.0564,-0.2049,0.59853,0.0564,-0.30801,0.59853,0.0564,-0.37151,0.59853,0.0564,-0.36156,0.59853,0.0564,-0.21199,0.59853,0.0564,-1.99647
0.58217,0.05861,-0.21433,0.58217,0.05861,-0.3155,0.58217,0.05861,-0.4018,0.58217,0.05861,-0.40158,0.58217,0.05861,-0.21116,0.58217,0.05861,-2.01164
0.56586,0.06071,-0.22475,0.56586,0.06071,-0.32352,0.56586,0.06071,-0.432,0.56586,0.06071,-0.44198,0.56586,0.06071,-0.22245,0.56586,0.06071,-2.02788
0.5496,0.06271,-0.2365,0.5496,0.06271,-0.33252,0.5496,0.06271,-0.46263,0.5496,0.06271,-0.48345,0.5496,0.06271,-0.2404,0.5496,0.06271,-2.045
0.53339,0.06459,-0.24977,0.53339,0.06459,-0.34287,0.53339,0.06459,-0.49413,0.53339,0.06459,-0.52581,0.53339,0.06459,-0.26497,0.53339,0.06459,-2.04648
0.51725,0.06636,-0.26426,0.51725,0.06636,-0.35459,0.51725,0.06636,-0.52494,0.51725,0.06636,-0.56818,0.51725,0.06636,-0.29608,0.51725,0.06636,-2.07223
0.50117,0.06799,-0.2795,0.50117,0.06799,-0.36816,0.50117,0.06799,-0.55588,0.50117,0.06799,-0.61126,0.50117,0.06799,-0.33344,0.50117,0.06799,-2.09968
0.48514,0.06947,-0.2947,0.48514,0.06947,-0.38371,0.48514,0.06947,-0.5855,0.48514,0.06947,-0.65448,0.48514,0.06947,-0.37653,0.48514,0.06947,-2.12892
0.46916,0.07082,-0.30974,0.46916,0.07082,-0.40075,0.46916,0.07082,-0.61479,0.46916,0.07082,-0.69693,0.46916,0.07082,-0.42483,0.46916,0.07082,-2.15981
0.45324,0.07201,-0.32476,0.45324,0.07201,-0.41906,0.45324,0.07201,-0.64497,0.45324,0.07201,-0.74217,0.45324,0.07201,-0.47801,0.45324,0.07201,-2.19807
0.43745,0.07306,-0.34031,0.43745,0.07306,-0.43853,0.43745,0.07306,-0.67822,0.43745,0.07306,-0.78855,0.43745,0.07306,-0.53549,0.43745,0.07306,-2.23043
0.42185,0.07391,-0.3549,0.42185,0.07391,-0.45774,0.42185,0.07391,-0.71131,0.42185,0.07391,-0.83504,0.42185,0.07391,-0.59553,0.42185,0.07391,-2.26296
0.40643,0.07454,-0.36485,0.40643,0.07454,-0.47277,0.40643,0.07454,-0.73805,0.40643,0.07454,-0.87888,0.40643,0.07454,-0.65546,0.40643,0.07454,-2.29711
0.39109,0.07492,-0.36604,0.39109,0.07492,-0.47908,0.39109,0.07492,-0.7526,0.39109,0.07492,-0.91155,0.39109,0.07492,-0.71162,0.39109,0.07492,-2.33328
0.37565,0.07504,-0.35871,0.37565,0.07504,-0.47647,0.37565,0.07504,-0.75803,0.37565,0.07504,-0.93478,0.37565,0.07504,-0.76313,0.37565,0.07504,-2.37315
0.36002,0.07496,-0.34813,0.36002,0.07496,-0.47063,0.36002,0.07496,-0.77202,0.36002,0.07496,-0.95417,0.36002,0.07496,-0.81162,0.36002,0.07496,-2.41661
0.34422,0.07471,-0.33849,0.34422,0.07471,-0.46559,0.34422,0.07471,-0.79938,0.34422,0.07471,-0.97632,0.34422,0.07471,-0.86071,0.34422,0.07471,-2.46434
0.32837,0.07431,-0.3314,0.32837,0.07431,-0.46321,0.32837,0.07431,-0.8214,0.32837,0.07431,-1.00192,0.32837,0.07431,-0.91132,0.32837,0.07431,-2.51561
0.31254,0.07375,-0.3241,0.31254,0.07375,-0.46091,0.31254,0.07375,-0.82446,0.31254,0.07375,-1.03073,0.31254,0.07375,-0.9626,0.31254,0.07375,-2.57071
0.29674,0.07303,-0.31514,0.29674,0.07303,-0.45685,0.29674,0.07303,-0.83044,0.29674,0.07303,-1.05758,0.29674,0.07303,-1.01443,0.29674,0.07303,-2.63007
0.28097,0.07212,-0.30378,0.28097,0.07212,-0.45104,0.28097,0.07212,-0.83741,0.28097,0.07212,-1.0855,0.28097,0.07212,-1.06568,0.28097,0.07212,-2.69432
0.26519,0.07105,-0.29088,0.26519,0.07105,-0.44354,0.26519,0.07105,-0.8446,0.26519,0.07105,-1.11227,0.26519,0.07105,-1.1173,0.26519,0.07105,-2.76737
0.24941,0.0698,-0.27717,0.24941,0.0698,-0.43549,0.24941,0.0698,-0.85318,0.24941,0.0698,-1.14195,0.24941,0.0698,-1.17109,0.24941,0.0698,-2.82585
0.23366,0.06839,-0.26297,0.23366,0.06839,-0.42756,0.23366,0.06839,-0.86312,0.23366,0.06839,-1.17291,0.23366,0.06839,-1.22811,0.23366,0.06839,-2.9266
0.21796,0.06682,-0.24783,0.21796,0.06682,-0.4191,0.21796,0.06682,-0.87469,0.21796,0.06682,-1.20629,0.21796,0.06682,-1.2881,0.21796,0.06682,-3.03851
0.20233,0.06508,-0.23174,0.20233,0.06508,-0.4103,0.20233,0.06508,-0.8879,0.20233,0.06508,-1.24537,0.20233,0.06508,-1.35336,0.20233,0.06508,-3.16161
0.18679,0.06316,-0.21499,0.18679,0.06316,-0.40116,0.18679,0.06316,-0.90314,0.18679,0.06316,-1.28625,0.18679,0.06316,-1.42324,0.18679,0.06316,-3.30143
0.17139,0.06108,-0.19637,0.17139,0.06108,-0.39135,0.17139,0.06108,-0.92013,0.17139,0.06108,-1.33376,0.17139,0.06108,-1.50258,0.17139,0.06108,-3.45806
0.15614,0.05882,-0.17621,0.15614,0.05882,-0.3805,0.15614,0.05882,-0.93956,0.15614,0.05882,-1.38635,0.15614,0.05882,-1.58629,0.15614,0.05882,-3.63233
0.1411,0.05638,-0.15426,0.1411,0.05638,-0.36877,0.1411,0.05638,-0.96175,0.1411,0.05638,-1.44357,0.1411,0.05638,-1.68215,0.1411,0.05638,-3.82759
0.12635,0.05376,-0.12943,0.12635,0.05376,-0.35588,0.12635,0.05376,-0.98702,0.12635,0.05376,-1.51143,0.12635,0.05376,-1.79098,0.12635,0.05376,-4.05196
0.11198,0.05096,-0.1015,0.11198,0.05096,-0.33996,0.11198,0.05096,-1.01532,0.11198,0.05096,-1.58499,0.11198,0.05096,-1.91136,0.11198,0.05096,-4.3201
0.09813,0.048,-0.06925,0.09813,0.048,-0.32227,0.09813,0.048,-1.04787,0.09813,0.048,-1.67051,0.09813,0.048,-2.04998,0.09813,0.048,-4.5935
0.08498,0.04493,-0.03421,0.08498,0.04493,-0.30284,0.08498,0.04493,-1.0866,0.08498,0.04493,-1.76658,0.08498,0.04493,-2.20924,0.08498,0.04493,-4.88727
0.07279,0.04181,0.00355,0.07279,0.04181,-0.28275,0.07279,0.04181,-1.1317,0.07279,0.04181,-1.88031,0.07279,0.04181,-2.39536,0.07279,0.04181,-5.2552
0.0618,0.03873,0.04451,0.0618,0.03873,-0.26088,0.0618,0.03873,-1.18266,0.0618,0.03873,-2.00506,0.0618,0.03873,-2.60187,0.0618,0.03873,-8.33922
0.05215,0.03575,0.08903,0.05215,0.03575,-0.23545,0.05215,0.03575,-1.23707,0.05215,0.03575,-2.13779,0.05215,0.03575,-2.83124,0.05215,0.03575,-7.95459
0.04383,0.03292,0.13776,0.04383,0.03292,-0.20619,0.04383,0.03292,-1.29452,0.04383,0.03292,-2.26812,0.04383,0.03292,-3.07919,0.04383,0.03292,-7.99472
0.03674,0.03028,0.19088,0.03674,0.03028,-0.17323,0.03674,0.03028,-1.35686,0.03674,0.03028,-2.43081,0.03674,0.03028,-3.35363,0.03674,0.03028,-8.17647
0.03073,0.02783,0.2456,0.03073,0.02783,-0.13724,0.03073,0.02783,-1.42488,0.03073,0.02783,-2.76359,0.03073,0.02783,-3.69189,0.03073,0.02783,-8.2414
0.02561,0.02556,0.29756,0.02561,0.02556,-0.10724,0.02561,0.02556,-1.50429,0.02561,0.02556,-3.50439,0.02561,0.02556,-4.20321,0.02561,0.02556,-7.64166
0.02124,0.02347,0.34747,0.02124,0.02347,-0.0814,0.02124,0.02347,-1.59289,0.02124,0.02347,-3.97593,0.02124,0.02347,-5.08531,0.02124,0.02347,-8.66045
0.01748,0.02148,0.40081,0.01748,0.02148,-0.0505,0.01748,0.02148,-1.68565,0.01748,0.02148,-4.01659,0.01748,0.02148,-6.41299,0.01748,0.02148,-10.34797
0.01424,0.01956,0.46787,0.01424,0.01956,-0.0012,0.01424,0.01956,-1.76585,0.01424,0.01956,-4.06293,0.01424,0.01956,-6.54487,0.01424,0.01956,-11.88457
0.01144,0.01768,0.54478,0.01144,0.01768,0.06563,0.01144,0.01768,-1.83027,0.01144,0.01768,-4.13103,0.01144,0.01768,-6.57132,0.01144,0.01768,-11.95734
0.009,0.01583,0.62441,0.009,0.01583,0.13932,0.009,0.01583,-1.89624,0.009,0.01583,-4.24489,0.009,0.01583,-6.60457,0.009,0.01583,-12.03441
0.00688,0.014,0.70809,0.00688,0.014,0.22079,0.00688,0.014,-1.95859,0.00688,0.014,-4.43747,0.00688,0.014,-6.6722,0.00688,0.014,-12.17696
0.00507,0.01216,0.79472,0.00507,0.01216,0.32451,0.00507,0.01216,-1.97545,0.00507,0.01216,-4.72039,0.00507,0.01216,-6.85034,0.00507,0.01216,-12.41409
0.00358,0.01028,0.88626,0.00358,0.01028,0.46544,0.00358,0.01028,-1.85922,0.00358,0.01028,-4.87412,0.00358,0.01028,-7.21161,0.00358,0.01028,-12.90526
0.00237,0.00838,0.95778,0.00237,0.00838,0.61869,0.00237,0.00838,-1.63205,0.00237,0.00838,-4.78935,0.00237,0.00838,-7.50093,0.00237,0.00838,-13.40989
0.00142,0.00647,0.99775,0.00142,0.00647,0.75455,0.00142,0.00647,-1.38247,0.00142,0.00647,-4.63701,0.00142,0.00647,-7.52671,0.00142,0.00647,-13.68775
0.00072,0.00458,0.99782,0.00072,0.00458,0.86876,0.00072,0.00458,-1.10301,0.00072,0.00458,-4.37463,0.00072,0.00458,-7.46071,0.00072,0.00458,-13.73997
0.00026,0.00272,0.95189,0.00026,0.00272,0.9531,0.00026,0.00272,-0.79814,0.00026,0.00272,-4.04253,0.00026,0.00272,-7.14761,0.00026,0.00272,-13.56591
0.00003,0.0009,0.85539,0.00003,0.0009,0.99791,0.00003,0.0009,-0.46888,0.00003,0.0009,-3.53691,0.00003,0.0009,-6.68724,0.00003,0.0009,-12.99867
0.00003,-0.0009,0.71586,0.00003,-0.0009,0.99778,0.00003,-0.0009,-0.12411,0.00003,-0.0009,-2.92165,0.00003,-0.0009,-5.93953,0.00003,0,-11.83907
0.00026,-0.00272,0.54308,0.00026,-0.00272,0.95335,0.00026,-0.00272,0.21085,0.00026,-0.00272,-2.25442,0.00026,-0.00272,-4.93319,0.00026,0,-10.35326
0.00072,-0.00458,0.35416,0.00072,-0.00458,0.86928,0.00072,-0.00458,0.48635,0.00072,-0.00458,-1.53176,0.00072,-0.00458,-3.94623,0.00072,-0.00458,-8.73505
0.00142,-0.00647,0.15227,0.00142,-0.00647,0.75428,0.00142,-0.00647,0.70656,0.00142,-0.00647,-0.95806,0.00142,-0.00647,-3.01375,0.00142,-0.00647,-7.15377
0.00237,-0.00838,-0.05616,0.00237,-0.00838,0.61783,0.00237,-0.00838,0.85705,0.00237,-0.00838,-0.44409,0.00237,-0.00838,-2.22795,0.00237,-0.00838,-5.81292
0.00358,-0.01028,-0.25612,0.00358,-0.01028,0.46664,0.00358,-0.01028,0.95022,0.00358,-0.01028,-0.0356,0.00358,-0.01028,-1.49129,0.00358,-0.01028,-4.56426
0.00507,-0.01216,-0.41681,0.00507,-0.01216,0.32361,0.00507,-0.01216,0.99709,0.00507,-0.01216,0.33249,0.00507,-0.01216,-0.86147,0.00507,-0.01216,-3.30459
0.00688,-0.014,-0.49665,0.00688,-0.014,0.22162,0.00688,-0.014,1.00172,0.00688,-0.014,0.59042,0.00688,-0.014,-0.2842,0.00688,-0.014,-2.24369
0.009,-0.01583,-0.54308,0.009,-0.01583,0.13898,0.009,-0.01583,0.97921,0.009,-0.01583,0.77667,0.009,-0.01583,0.12,0.009,-0.01583,-1.39602
0.01144,-0.01768,-0.58213,0.01144,-0.01768,0.06598,0.01144,-0.01768,0.94067,0.01144,-0.01768,0.8885,0.01144,-0.01768,0.40935,0.01144,-0.01768,-0.771
0.01424,-0.01956,-0.61448,0.01424,-0.01956,-0.0015,0.01424,-0.01956,0.89161,0.01424,-0.01956,0.95895,0.01424,-0.01956,0.63054,0.01424,-0.01956,-0.30244
0.01748,-0.02148,-0.62624,0.01748,-0.02148,-0.05089,0.01748,-0.02148,0.83681,0.01748,-0.02148,0.99321,0.01748,-0.02148,0.77878,0.01748,-0.02148,0.09425
0.02124,-0.02347,-0.61704,0.02124,-0.02347,-0.08144,0.02124,-0.02347,0.78216,0.02124,-0.02347,1.0036,0.02124,-0.02347,0.88526,0.02124,-0.02347,0.37655
0.02561,-0.02556,-0.60343,0.02561,-0.02556,-0.10698,0.02561,-0.02556,0.72607,0.02561,-0.02556,0.99524,0.02561,-0.02556,0.95108,0.02561,-0.02556,0.59643
0.03073,-0.02783,-0.59814,0.03073,-0.02783,-0.13747,0.03073,-0.02783,0.66724,0.03073,-0.02783,0.97217,0.03073,-0.02783,0.98915,0.03073,-0.02783,0.75258
0.03674,-0.03028,-0.60273,0.03674,-0.03028,-0.17339,0.03674,-0.03028,0.60439,0.03674,-0.03028,0.93667,0.03674,-0.03028,1.00316,0.03674,-0.03028,0.86268
0.04383,-0.03292,-0.60598,0.04383,-0.03292,-0.20597,0.04383,-0.03292,0.54044,0.04383,-0.03292,0.89306,0.04383,-0.03292,0.99824,0.04383,-0.03292,0.93728
0.05215,-0.03575,-0.60701,0.05215,-0.03575,-0.23567,0.05215,-0.03575,0.47848,0.05215,-0.03575,0.84054,0.05215,-0.03575,0.97758,0.05215,-0.03575,0.98381
0.0618,-0.03873,-0.60568,0.0618,-0.03873,-0.26088,0.0618,-0.03873,0.41791,0.0618,-0.03873,0.78585,0.0618,-0.03873,0.94412,0.0618,-0.03873,1.00191
0.07279,-0.04181,-0.60234,0.07279,-0.04181,-0.28291,0.07279,-0.04181,0.36026,0.07279,-0.04181,0.72553,0.07279,-0.04181,0.90201,0.07279,-0.04181,1.00128
0.08498,-0.04493,-0.59994,0.08498,-0.04493,-0.30257,0.08498,-0.04493,0.30657,0.08498,-0.04493,0.66785,0.08498,-0.04493,0.85457,0.08498,-0.04493,0.98397
0.09813,-0.048,-0.59896,0.09813,-0.048,-0.32236,0.09813,-0.048,0.25604,0.09813,-0.048,0.6115,0.09813,-0.048,0.80401,0.09813,-0.048,0.95772
0.11198,-0.05096,-0.59938,0.11198,-0.05096,-0.34012,0.11198,-0.05096,0.20961,0.11198,-0.05096,0.5572,0.11198,-0.05096,0.75386,0.11198,-0.05096,0.92395
0.12635,-0.05376,-0.59936,0.12635,-0.05376,-0.35566,0.12635,-0.05376,0.168,0.12635,-0.05376,0.50619,0.12635,-0.05376,0.70497,0.12635,-0.05376,0.88846
0.1411,-0.05638,-0.59853,0.1411,-0.05638,-0.36887,0.1411,-0.05638,0.13084,0.1411,-0.05638,0.45956,0.1411,-0.05638,0.65726,0.1411,-0.05638,0.85038
0.15614,-0.05882,-0.59772,0.15614,-0.05882,-0.38037,0.15614,-0.05882,0.09734,0.15614,-0.05882,0.41744,0.15614,-0.05882,0.6125,0.15614,-0.05882,0.81194
0.17139,-0.06108,-0.59764,0.17139,-0.06108,-0.39137,0.17139,-0.06108,0.06621,0.17139,-0.06108,0.37601,0.17139,-0.06108,0.56897,0.17139,-0.06108,0.7749
0.18679,-0.06316,-0.59743,0.18679,-0.06316,-0.40125,0.18679,-0.06316,0.03801,0.18679,-0.06316,0.33897,0.18679,-0.06316,0.52926,0.18679,-0.06316,0.73761
0.20233,-0.06508,-0.59747,0.20233,-0.06508,-0.41034,0.20233,-0.06508,0.01175,0.20233,-0.06508,0.3034,0.20233,-0.06508,0.48845,0.20233,-0.06508,0.70204
0.21796,-0.06682,-0.59797,0.21796,-0.06682,-0.41908,0.21796,-0.06682,-0.01279,0.21796,-0.06682,0.27011,0.21796,-0.06682,0.45317,0.21796,-0.06682,0.66597
0.23366,-0.06839,-0.59868,0.23366,-0.06839,-0.42763,0.23366,-0.06839,-0.03617,0.23366,-0.06839,0.23882,0.23366,-0.06839,0.41557,0.23366,-0.06839,0.63227
0.24941,-0.0698,-0.59962,0.24941,-0.0698,-0.43551,0.24941,-0.0698,-0.05767,0.24941,-0.0698,0.20804,0.24941,-0.0698,0.38215,0.24941,-0.0698,0.5997
0.26519,-0.07105,-0.60092,0.26519,-0.07105,-0.44356,0.26519,-0.07105,-0.07857,0.26519,-0.07105,0.17987,0.26519,-0.07105,0.34782,0.26519,-0.07105,0.56665
0.28097,-0.07212,-0.60217,0.28097,-0.07212,-0.45098,0.28097,-0.07212,-0.09831,0.28097,-0.07212,0.15201,0.28097,-0.07212,0.31606,0.28097,-0.07212,0.5355
0.29674,-0.07303,-0.60213,0.29674,-0.07303,-0.45689,0.29674,-0.07303,-0.11619,0.29674,-0.07303,0.12744,0.29674,-0.07303,0.28636,0.29674,-0.07303,0.50518
0.31254,-0.07375,-0.6005,0.31254,-0.07375,-0.46093,0.31254,-0.07375,-0.13175,0.31254,-0.07375,0.10309,0.31254,-0.07375,0.25689,0.31254,-0.07375,0.47721
0.32837,-0.07431,-0.59723,0.32837,-0.07431,-0.46326,0.32837,-0.07431,-0.14529,0.32837,-0.07431,0.08168,0.32837,-0.07431,0.23037,0.32837,-0.07431,0.44966
0.34422,-0.07471,-0.59446,0.34422,-0.07471,-0.46557,0.34422,-0.07471,-0.15833,0.34422,-0.07471,0.06153,0.34422,-0.07471,0.20418,0.34422,-0.07471,0.42384
0.36002,-0.07496,-0.59408,0.36002,-0.07496,-0.47052,0.36002,-0.07496,-0.17369,0.36002,-0.07496,0.03843,0.36002,-0.07496,0.17613,0.36002,-0.07496,0.39532
0.37564,-0.07504,-0.5946,0.37564,-0.07504,-0.47652,0.37564,-0.07504,-0.18998,0.37564,-0.07504,0.01472,0.37564,-0.07504,0.14747,0.37564,-0.07504,0.3673
0.39109,-0.07492,-0.59137,0.39109,-0.07492,-0.47906,0.39109,-0.07492,-0.20325,0.39109,-0.07492,-0.00534,0.39109,-0.07492,0.12177,0.39109,-0.07492,0.34143
0.40643,-0.07454,-0.57935,0.40643,-0.07454,-0.47281,0.40643,-0.07454,-0.20835,0.40643,-0.07454,-0.01871,0.40643,-0.07454,0.1025,0.40643,-0.07454,0.32008
0.42185,-0.07391,-0.55915,0.42185,-0.07391,-0.45777,0.42185,-0.07391,-0.20515,0.42185,-0.07391,-0.02448,0.42185,-0.07391,0.08933,0.42185,-0.07391,0.30546
0.43744,-0.07306,-0.5364,0.43744,-0.07306,-0.43852,0.43744,-0.07306,-0.19704,0.43744,-0.07306,-0.02488,0.43744,-0.07306,0.08273,0.43744,-0.07306,0.29566
0.45323,-0.07201,-0.51558,0.45323,-0.07201,-0.41905,0.45323,-0.07201,-0.18759,0.45323,-0.07201,-0.02461,0.45323,-0.07201,0.07569,0.45323,-0.07201,0.28495
0.46916,-0.07082,-0.49837,0.46916,-0.07082,-0.40077,0.46916,-0.07082,-0.1785,0.46916,-0.07082,-0.02421,0.46916,-0.07082,0.0698,0.46916,-0.07082,0.27539
0.48514,-0.06947,-0.48433,0.48514,-0.06947,-0.38371,0.48514,-0.06947,-0.16949,0.48514,-0.06947,-0.02384,0.48514,-0.06947,0.06227,0.48514,-0.06947,0.26459
0.50117,-0.06799,-0.47242,0.50117,-0.06799,-0.36815,0.50117,-0.06799,-0.15942,0.50117,-0.06799,-0.02247,0.50117,-0.06799,0.05722,0.50117,-0.06799,0.25628
0.51725,-0.06636,-0.46225,0.51725,-0.06636,-0.3546,0.51725,-0.06636,-0.14863,0.51725,-0.06636,-0.02009,0.51725,-0.06636,0.05279,0.51725,-0.06636,0.24864
0.53339,-0.06459,-0.45364,0.53339,-0.06459,-0.34288,0.53339,-0.06459,-0.13693,0.53339,-0.06459,-0.01623,0.53339,-0.06459,0.0499,0.53339,-0.06459,0.24293
0.5496,-0.06271,-0.44602,0.5496,-0.06271,-0.33253,0.5496,-0.06271,-0.12491,0.5496,-0.06271,-0.01223,0.5496,-0.06271,0.04768,0.5496,-0.06271,0.23736
0.56586,-0.06071,-0.43875,0.56586,-0.06071,-0.32352,0.56586,-0.06071,-0.1128,0.56586,-0.06071,-0.00739,0.56586,-0.06071,0.04543,0.56586,-0.06071,0.23194
0.58217,-0.05861,-0.43115,0.58217,-0.05861,-0.31551,0.58217,-0.05861,-0.10059,0.58217,-0.05861,-0.00203,0.58217,-0.05861,0.04454,0.58217,-0.05861,0.22785
0.59853,-0.0564,-0.39332,0.59853,-0.0564,-0.30802,0.59853,-0.0564,-0.08874,0.59853,-0.0564,0.00365,0.59853,-0.0564,0.04372,0.59853,-0.0564,0.22435
0.61492,-0.05411,-0.24675,0.61492,-0.05411,-0.30053,0.61492,-0.05411,-0.0774,0.61492,-0.05411,0.00998,0.61492,-0.05411,0.04369,0.61492,-0.05411,0.22232
0.63137,-0.05173,-0.19366,0.63137,-0.05173,-0.29248,0.63137,-0.05173,-0.06689,0.63137,-0.05173,0.01649,0.63137,-0.05173,0.04398,0.63137,-0.05173,0.21946
0.64787,-0.04927,-0.17521,0.64787,-0.04927,-0.16984,0.64787,-0.04927,-0.05734,0.64787,-0.04927,0.02362,0.64787,-0.04927,0.0449,0.64787,-0.04927,0.21749
0.66441,-0.04675,-0.16041,0.66441,-0.04675,-0.10624,0.66441,-0.04675,-0.04873,0.66441,-0.04675,0.0309,0.66441,-0.04675,0.04598,0.66441,-0.04675,0.21632
0.681,-0.04416,-0.14364,0.681,-0.04416,-0.08554,0.681,-0.04416,-0.04085,0.681,-0.04416,0.03848,0.681,-0.04416,0.04753,0.681,-0.04416,0.21552
0.69764,-0.04151,-0.12476,0.69764,-0.04151,-0.07237,0.69764,-0.04151,-0.03359,0.69764,-0.04151,0.04617,0.69764,-0.04151,0.04929,0.69764,-0.04151,0.21473
0.71433,-0.03881,-0.104,0.71433,-0.03881,-0.05767,0.71433,-0.03881,-0.02686,0.71433,-0.03881,0.05413,0.71433,-0.03881,0.0513,0.71433,-0.03881,0.21497
0.73108,-0.03608,-0.08237,0.73108,-0.03608,-0.04111,0.73108,-0.03608,-0.02043,0.73108,-0.03608,0.06209,0.73108,-0.03608,0.05337,0.73108,-0.03608,0.21518
0.74788,-0.03331,-0.05993,0.74788,-0.03331,-0.0229,0.74788,-0.03331,-0.01406,0.74788,-0.03331,0.07002,0.74788,-0.03331,0.05599,0.74788,-0.03331,0.2158
0.76472,-0.03053,-0.03708,0.76472,-0.03053,-0.00368,0.76472,-0.03053,0.02271,0.76472,-0.03053,0.07777,0.76472,-0.03053,0.05815,0.76472,-0.03053,0.21669
0.78154,-0.02775,-0.0142,0.78154,-0.02775,0.01601,0.78154,-0.02775,0.0892,0.78154,-0.02775,0.08522,0.78154,-0.02775,0.06049,0.78154,-0.02775,0.21722
0.79829,-0.025,0.00855,0.79829,-0.025,0.03588,0.79829,-0.025,0.12109,0.79829,-0.025,0.09226,0.79829,-0.025,0.06216,0.79829,-0.025,0.21758
0.81495,-0.02229,0.03085,0.81495,-0.02229,0.05559,0.81495,-0.02229,0.13576,0.81495,-0.02229,0.09891,0.81495,-0.02229,0.06366,0.81495,-0.02229,0.21842
0.83152,-0.01965,0.05265,0.83152,-0.01965,0.07497,0.83152,-0.01965,0.14623,0.83152,-0.01965,0.10506,0.83152,-0.01965,0.06402,0.83152,-0.01965,0.21736
0.84799,-0.01708,0.07372,0.84799,-0.01708,0.09376,0.84799,-0.01708,0.15634,0.84799,-0.01708,0.1107,0.84799,-0.01708,0.06343,0.84799,-0.01708,0.21577
0.86436,-0.0146,0.09389,0.86436,-0.0146,0.11174,0.86436,-0.0146,0.16635,0.86436,-0.0146,0.11581,0.86436,-0.0146,0.06115,0.86436,-0.0146,0.21331
0.88063,-0.01222,0.11366,0.88063,-0.01222,0.1294,0.88063,-0.01222,0.17672,0.88063,-0.01222,0.12033,0.88063,-0.01222,0.0574,0.88063,-0.01222,0.2097
0.89675,-0.00995,0.13347,0.89675,-0.00995,0.14722,0.89675,-0.00995,0.1877,0.89675,-0.00995,0.12416,0.89675,-0.00995,0.05189,0.89675,-0.00995,0.20406
0.9126,-0.00781,0.15408,0.9126,-0.00781,0.1661,0.9126,-0.00781,0.20048,0.9126,-0.00781,0.12733,0.9126,-0.00781,0.04563,0.9126,-0.00781,0.19917
0.92804,-0.00587,0.17367,0.92804,-0.00587,0.18409,0.92804,-0.00587,0.21276,0.92804,-0.00587,0.12909,0.92804,-0.00587,0.03641,0.92804,-0.00587,0.19302
0.94297,-0.00418,0.19035,0.94297,-0.00418,0.19913,0.94297,-0.00418,0.22196,0.94297,-0.00418,0.12777,0.94297,-0.00418,0.02064,0.94297,-0.00418,0.18055
0.95726,-0.00278,0.20322,0.95726,-0.00278,0.21011,0.95726,-0.00278,0.22622,0.95726,-0.00278,0.12063,0.95726,-0.00278,-0.00667,0.95726,-0.00278,0.15307
0.97071,-0.00168,0.21221,0.97071,-0.00168,0.21686,0.97071,-0.00168,0.22473,0.97071,-0.00168,0.10306,0.97071,-0.00168,-0.05229,0.97071,-0.00168,0.10853
0.98298,-0.00085,0.21988,0.98298,-0.00085,0.22205,0.98298,-0.00085,0.21977,0.98298,-0.00085,0.07168,0.98298,-0.00085,-0.12166,0.98298,-0.00085,0.03855
0.99374,-0.00027,0.22807,0.99374,-0.00027,0.22766,0.99374,-0.00027,0.21175,0.99374,-0.00027,0.01669,0.99374,-0.00027,-0.25633,0.99374,-0.00027,-0.09228
1,0,0.24447,1,0,0.24452,1,0,0.2338,1,0,0.0757,1,0,-0.1241,1,0,0.07186
